ID;Publicação prevista;Formato;Pauta;Insumo até;Aprovação até;Status real;Data publicada;URL;Responsável;Decisão de contingência
P01;07/10/2026;Carrossel;Sua aula começa antes do primeiro golpe.;06/10;06/10;Planejado - não aprovado;;;Felipe;Sem aprovação hoje, não publicar automaticamente: registrar o impedimento e combinar nova data. Não transformar silêncio em aprovação.
P02;09/10/2026;Foto editorial;O simples bem feito.;06/10;07/10;Planejado - não aprovado;;;Felipe;"Publicação independente de collab e de nova captação; depende apenas da validação editorial."
P03;11/10/2026;Reel;O detalhe que eu escolhi corrigir.;08/10;09/10;Planejado - não aprovado;;;Felipe;R01 em 09/10: carrossel de boxe já diagramado. Sem aula utilizável, a pauta sai como explicação do professor, nunca como prova de aluno.
P04;13/10/2026;Carrossel;O pódio é parte da história. Ensinar é o trabalho de hoje.;08/10;10/10;Planejado - não aprovado;;;Felipe;Se o vínculo do resultado não for confirmado, retirar a tela factual e manter apenas a trajetória esportiva declarada pelo Léo.
P05;15/10/2026;Reel;Cansado e consciente.;11/10;13/10;Planejado - não aprovado;;;Felipe;R02 em 12/10: frase real explicada em três telas com fotos próprias. Sem simular fadiga ou resultado.
P06;17/10/2026;Carrossel;Jab: o que acontece depois do golpe?;13/10;15/10;Planejado - não aprovado;;;Felipe;Sem validação técnica, não publicar dica. Usar R03, composto de frases reais e interpretação aprovada.
P07;20/10/2026;Reel;Por que eu continuo treinando com o Léo.;15/10;18/10;Planejado - não aprovado;;;Felipe;R03 em 16/10: três códigos do Léo. A reserva constrói identidade, mas não substitui a evidência de satisfação de um cliente.
P08;22/10/2026;Carrossel;Um chute alto não é o ponto de partida.;17/10;20/10;Planejado - não aprovado;;;Felipe;Sem validação técnica, trocar por explicação da primeira conversa, usando a reserva R04.
P09;24/10/2026;Reel;O que ficou da aula, fora da aula.;19/10;22/10;Planejado - não aprovado;;;Felipe;R04 em 20/10: como começa o acompanhamento. A reserva não será apresentada como relato de aluna.
P10;27/10/2026;Carrossel;A meta continua. A aula pode mudar.;19/10;24/10;Planejado - não aprovado;;;Felipe;A versão explicativa já está diagramada. Sem continuidade real, manter a legenda explicativa e não anunciar evolução.
P11;29/10/2026;Foto editorial;Quem está com você faz diferença.;24/10;27/10;Planejado - não aprovado;;;Felipe;Se não houver encaixe atual, convidar a consultar disponibilidade futura. Não anunciar vagas limitadas ou lista de espera não existentes.
P12;31/10/2026;Carrossel;Seu objetivo. Sua rotina. Nossa primeira conversa.;26/10;29/10;Planejado - não aprovado;;;Felipe;Sem disponibilidade atual, trocar o convite por consulta de encaixe futuro. Sem definição de condição, explicar que ela será confirmada na conversa.
